name,description,url,cleaned_desc
ai,"The AI Toolkit for TypeScript. From the creators of Next.js, the AI SDK is a free open-source library for building AI-powered applications and agents ",https://github.com/vercel/ai,AI Toolkit for TypeScript. From the creators of Next.
AI,Microsoft AI,https://github.com/microsoft/AI,Microsoft AI
gpt-crawler,Crawl a site to generate knowledge files to create your own custom GPT from a URL,https://github.com/BuilderIO/gpt-crawler,Crawl a site to generate knowledge files to create your own custom GPT from a URL
ai,This repository will have different projects using AutoGen and Tutorials,https://github.com/tylerprogramming/ai,This repository will have different projects using AutoGen and Tutorials
AirSim,"Open source simulator for autonomous vehicles built on Unreal Engine / Unity, from Microsoft AI & Research",https://github.com/microsoft/AirSim,Open source simulator for autonomous vehicles built on Unreal Engine
generative-ai-for-beginners,"21 Lessons, Get Started Building with Generative AI  ğŸ”— https://microsoft.github.io/generative-ai-for-beginners/",https://github.com/microsoft/generative-ai-for-beginners,"Lessons, Get Started Building with Generative AI"
airflow,"Apache Airflow - A platform to programmatically author, schedule, and monitor workflows",https://github.com/apache/airflow,"Apache Airflow - A platform to programmatically author, schedule, and monitor workflows"
ailearning,AiLearningï¼šæ•°æ®åˆ†æ+æœºå™¨å­¦ä¹ å®æˆ˜+çº¿æ€§ä»£æ•°+PyTorch+NLTK+TF2,https://github.com/apachecn/ailearning,Learning+++PyTorch+NLTK+TF
roop,one-click face swap,https://github.com/s0md3v/roop,one-click face swap
Jobs_Applier_AI_Agent_AIHawk,"Jobs_Applier_AI_Agent_AIHawk aims to easy job hunt process by automating the job application process. Utilizing artificial intelligence, it enables users to apply for multiple jobs in a tailored way.",https://github.com/feder-cr/Jobs_Applier_AI_Agent_AIHawk,"Jobs_Applier_AI_Agent_AIHawk aims to easy job hunt process by automating the job application process. Utilizing artificial intelligence, it enables users to apply for multiple jobs in a tailored way."
chatbot-ui,AI chat for any model.,https://github.com/mckaywrigley/chatbot-ui,chat for any model.
ai,ğŸ’• A bot for Misskey,https://github.com/syuilo/ai,bot for Misskey
courses,fast.ai Courses,https://github.com/fastai/courses,fast.ai Courses
ColossalAI,"Making large AI models cheaper, faster and more accessible",https://github.com/hpcaitech/ColossalAI,"Making large AI models cheaper, faster and more accessible"
CopilotKit,"React UI + elegant infrastructure for AI Copilots, AI chatbots, and in-app AI agents. The Agentic last-mile ğŸª",https://github.com/CopilotKit/CopilotKit,"React UI + elegant infrastructure for AI Copilots, AI chatbots, and in-app AI agents."
vespa,"AI + Data, online. https://vespa.ai",https://github.com/vespa-engine/vespa,"+ Data, online."
airbyte,"The leading data integration platform for ETL / ELT data pipelines from APIs, databases & files to data warehouses, data lakes & data lakehouses. Both self-hosted and Cloud-hosted.",https://github.com/airbytehq/airbyte,"leading data integration platform for ETL ELT data pipelines from APIs, databases & files to data warehouses, data lakes & data lakehouses. Both self-hosted and Cloud-hosted."
gpt-pilot,The first real AI developer,https://github.com/Pythagora-io/gpt-pilot,first real AI developer
crewAI,"Framework for orchestrating role-playing, autonomous AI agents. By fostering collaborative intelligence, CrewAI empowers agents to work together seamlessly, tackling complex tasks.",https://github.com/crewAIInc/crewAI,"Framework for orchestrating role-playing, autonomous AI agents. By fostering collaborative intelligence, CrewAI empowers agents to work together seamlessly, tackling complex tasks."
mlcourse.ai,Open Machine Learning Course,https://github.com/Yorko/mlcourse.ai,Open Machine Learning Course
cursor,The AI Code Editor,https://github.com/getcursor/cursor,AI Code Editor
AISystem,AISystem ä¸»è¦æ˜¯æŒ‡AIç³»ç»Ÿï¼ŒåŒ…æ‹¬AIèŠ¯ç‰‡ã€AIç¼–è¯‘å™¨ã€AIæ¨ç†å’Œè®­ç»ƒæ¡†æ¶ç­‰AIå…¨æ ˆåº•å±‚æŠ€æœ¯,https://github.com/chenzomi12/AISystem,System AIAIAIAIAI
AirBnB_clone,,https://github.com/justinmajetich/AirBnB_clone,
agentic,AI agent stdlib that works with any LLM and TypeScript AI SDK.,https://github.com/transitive-bullshit/agentic,agent stdlib that works with any LLM and TypeScript AI SDK.
aider,aider is AI pair programming in your terminal,https://github.com/Aider-AI/aider,der is AI pair programming in your terminal
AI-For-Beginners,"12 Weeks, 24 Lessons, AI for All!",https://github.com/microsoft/AI-For-Beginners,"Weeks, 24 Lessons, AI for All!"
gpt-ai-assistant,OpenAI + LINE + Vercel = GPT AI Assistant,https://github.com/memochou1993/gpt-ai-assistant,OpenAI + LINE + Vercel
browser-use,Make websites accessible for AI agents,https://github.com/browser-use/browser-use,Make websites accessible for AI agents
generative-models,Generative Models by Stability AI,https://github.com/Stability-AI/generative-models,Generative Models by Stability AI
ai-chatbot,"A full-featured, hackable Next.js AI chatbot built by Vercel",https://github.com/vercel/ai-chatbot,"full-featured, hackable Next."
cheatsheets-ai,Essential Cheat Sheets for deep learning and machine learning researchers https://medium.com/@kailashahirwar/essential-cheat-sheets-for-machine-learning-and-deep-learning-researchers-efb6a8ebd2e5,https://github.com/kailashahirwar/cheatsheets-ai,Essential Cheat Sheets for deep learning and machine learning researchers
ai,,https://github.com/iceener/ai,
open-webui,"User-friendly AI Interface (Supports Ollama, OpenAI API, ...)",https://github.com/open-webui/open-webui,"User-friendly AI Interface (Supports Ollama, OpenAI API,."
LocalAI,":robot: The free, Open Source alternative to OpenAI, Claude and others. Self-hosted and local-first. Drop-in replacement for OpenAI,  running on consumer-grade hardware. No GPU required. Runs gguf, transformers, diffusers and many more models architectures. Features: Generate Text, Audio, Video, Images, Voice Cloning, Distributed, P2P inference",https://github.com/mudler/LocalAI,"free, Open Source alternative to OpenAI, Claude and others. Self-hosted and local-first. Drop-in replacement for OpenAI, running on consumer-grade hardware. No GPU required. Runs gguf, transformers, diffusers and many more models architectures."
susi.ai,SUSI.AI Web Client https://susi.ai,https://github.com/fossasia/susi.ai,SUSI.
ai-hedge-fund,An AI Hedge Fund Team,https://github.com/virattt/ai-hedge-fund,An AI Hedge Fund Team
AI4Animation,Bringing Characters to Life with Computer Brains in Unity,https://github.com/sebastianstarke/AI4Animation,Bringing Characters to Life with Computer Brains in Unity
google-research,Google Research,https://github.com/google-research/google-research,Google Research
InvokeAI,"Invoke is a leading creative engine for Stable Diffusion models, empowering professionals, artists, and enthusiasts to generate and create visual media using the latest AI-driven technologies. The solution offers an industry leading WebUI, and serves as the foundation for multiple commercial products.",https://github.com/invoke-ai/InvokeAI,"Invoke is a leading creative engine for Stable Diffusion models, empowering professionals, artists, and enthusiasts to generate and create visual media using the latest AI-driven technologies. The solution offers an industry leading WebUI, and serves as the foundation for multiple commercial products."
ai-edu,"AI education materials for Chinese students, teachers and IT professionals.",https://github.com/microsoft/ai-edu,"education materials for Chinese students, teachers and IT professionals."
GURU-Ai,SIMPLE YET COMPLICATED ğŸš©,https://github.com/Guru322/GURU-Ai,SIMPLE YET COMPLICATED
higress,ğŸ¤– AI Gateway | AI Native API Gateway,https://github.com/alibaba/higress,Native API Gateway
deeplearning_ai_books,deeplearning.aiï¼ˆå´æ©è¾¾è€å¸ˆçš„æ·±åº¦å­¦ä¹ è¯¾ç¨‹ç¬”è®°åŠèµ„æºï¼‰,https://github.com/fengdu78/deeplearning_ai_books,deeplearning.ai
aiohttp,Asynchronous HTTP client/server framework for asyncio and Python,https://github.com/aio-libs/aiohttp,Asynchronous HTTP client
ai-shell,A CLI that converts natural language to shell commands.,https://github.com/BuilderIO/ai-shell,CLI that converts natural language to shell commands.
generative-ai,"Sample code and notebooks for Generative AI on Google Cloud, with Gemini on Vertex AI",https://github.com/GoogleCloudPlatform/generative-ai,"Sample code and notebooks for Generative AI on Google Cloud, with Gemini on Vertex AI"
AirBnB_clone_v2,,https://github.com/alexaorrico/AirBnB_clone_v2,
aima-python,"Python implementation of algorithms from Russell And Norvig's ""Artificial Intelligence - A Modern Approach""",https://github.com/aimacode/aima-python,Python implementation of algorithms from Russell And Norvig
Ai-Learn,"äººå·¥æ™ºèƒ½å­¦ä¹ è·¯çº¿å›¾ï¼Œæ•´ç†è¿‘200ä¸ªå®æˆ˜æ¡ˆä¾‹ä¸é¡¹ç›®ï¼Œå…è´¹æä¾›é…å¥—æ•™æï¼Œé›¶åŸºç¡€å…¥é—¨ï¼Œå°±ä¸šå®æˆ˜ï¼åŒ…æ‹¬ï¼šPythonï¼Œæ•°å­¦ï¼Œæœºå™¨å­¦ä¹ ï¼Œæ•°æ®åˆ†æï¼Œæ·±åº¦å­¦ä¹ ï¼Œè®¡ç®—æœºè§†è§‰ï¼Œè‡ªç„¶è¯­è¨€å¤„ç†ï¼ŒPyTorch tensorflow machine-learning,deep-learning data-analysis data-mining mathematics data-science artificial-intelligence python tensorflow tensorflow2 caffe keras pytorch algorithm numpy pandas matplotlib seaborn nlp cvç­‰çƒ­é—¨é¢†åŸŸ",https://github.com/tangyudi/Ai-Learn,"PythonPyTorch tensorflow machine-learning,deep-learning data-analysis data-mining mathematics data-science artificial-intelligence python tensorflow tensorflow"
AI-102-AIEngineer,Lab files for AI-102 - AI Engineer,https://github.com/MicrosoftLearning/AI-102-AIEngineer,Lab files for AI-102 - AI Engineer
tabby,Self-hosted AI coding assistant,https://github.com/TabbyML/tabby,Self-hosted AI coding assistant
Scrapegraph-ai,Python scraper based on AI,https://github.com/ScrapeGraphAI/Scrapegraph-ai,Python scraper based on AI
pandas-ai,"Chat with your database or your datalake (SQL, CSV, parquet). PandasAI makes data analysis conversational using LLMs and RAG.",https://github.com/sinaptik-ai/pandas-ai,"Chat with your database or your datalake (SQL, CSV, parquet). PandasAI makes data analysis conversational using LLMs and RAG."
agent-zero,Agent Zero AI framework,https://github.com/frdel/agent-zero,Agent Zero AI framework
AIF360,"A comprehensive set of fairness metrics for datasets and machine learning models, explanations for these metrics, and algorithms to mitigate bias in datasets and models.",https://github.com/Trusted-AI/AIF360,"comprehensive set of fairness metrics for datasets and machine learning models, explanations for these metrics, and algorithms to mitigate bias in datasets and models."
mem0,The Memory layer for AI Agents,https://github.com/mem0ai/mem0,Memory layer for AI Agents
ParlAI,A framework for training and evaluating AI models on a variety of openly available dialogue datasets.,https://github.com/facebookresearch/ParlAI,framework for training and evaluating AI models on a variety of openly available dialogue datasets.
ai-pdf-chatbot-langchain,LangChain & LangGraph AI PDF chatbot agent,https://github.com/mayooear/ai-pdf-chatbot-langchain,LangChain & LangGraph AI PDF chatbot agent
ImageAI,A python library built to empower developers to build applications and systems  with self-contained Computer Vision capabilities,https://github.com/OlafenwaMoses/ImageAI,python library built to empower developers to build applications and systems with self-contained Computer Vision capabilities
AI,artificial intelligence on python!,https://github.com/myuon/AI,artificial intelligence on python!
ai,bash script to install Artifical Images materials,https://github.com/dvschultz/ai,bash script to install Artifical Images materials
RagaAI-Catalyst,"Python SDK for Agent AI Observability, Monitoring and Evaluation Framework. Includes features like agent, llm and tools tracing, debugging multi-agentic system, self-hosted dashboard and advanced analytics with timeline and execution graph view ",https://github.com/raga-ai-hub/RagaAI-Catalyst,"Python SDK for Agent AI Observability, Monitoring and Evaluation Framework."
crawl4ai,"ğŸš€ğŸ¤– Crawl4AI: Open-source LLM Friendly Web Crawler & Scraper. Don't be shy, join here: https://discord.gg/mEkkMXFG",https://github.com/unclecode/crawl4ai,Crawl4AI: Open-source LLM Friendly Web Crawler & Scraper.
kirara-ai,ğŸ¤– å¯ DIY çš„ å¤šæ¨¡æ€ AI èŠå¤©æœºå™¨äºº | ğŸš€ å¿«é€Ÿæ¥å…¥ å¾®ä¿¡ã€ QQã€Telegramã€ç­‰èŠå¤©å¹³å° | ğŸ¦ˆæ”¯æŒDeepSeekã€Grokã€Claudeã€Ollamaã€Geminiã€OpenAI | å·¥ä½œæµç³»ç»Ÿã€ç½‘é¡µæœç´¢ã€AIç”»å›¾ã€äººè®¾è°ƒæ•™ã€è™šæ‹Ÿå¥³ä»†ã€è¯­éŸ³å¯¹è¯ | ,https://github.com/lss233/kirara-ai,DeepSeekGrokClaudeOllamaGeminiOpenAI
TabNine,AI Code Completions,https://github.com/codota/TabNine,Code Completions
aimoneyhunter,aiå‰¯ä¸šèµšé’±å¤§é›†åˆï¼Œæ•™ä½ å¦‚ä½•åˆ©ç”¨aiåšä¸€äº›å‰¯ä¸šé¡¹ç›®ï¼Œèµšå–æ›´å¤šé¢å¤–æ”¶ç›Šã€‚The Ultimate Guide to Making Money with AI Side Hustles: Learn how to leverage AI for some cool side gigs and rake in some extra cash. Check out the English version for more insights.,https://github.com/bleedline/aimoneyhunter,Ultimate Guide to Making Money with AI Side Hustles: Learn how to leverage AI for some cool side gigs and rake in some extra cash. Check out the English version for more insights.
pinokio,AI Browser,https://github.com/pinokiocomputer/pinokio,Browser
mindsdb,AI's query engine - Platform for building AI that can learn and answer questions over large scale federated data.,https://github.com/mindsdb/mindsdb,s query engine - Platform for building AI that can learn and answer questions over large scale federated data.
AI-Expert-Roadmap,Roadmap to becoming an Artificial Intelligence Expert in 2022,https://github.com/AMAI-GmbH/AI-Expert-Roadmap,Roadmap to becoming an Artificial Intelligence Expert in
ai,åƒæŸ¥è¯¢æ•°æ®åº“ä¸€æ ·ä¼˜é›…è°ƒç”¨äººå·¥æ™ºèƒ½API,https://github.com/huanghe/ai,API
ai-collection,The Generative AI Landscape - A Collection of Awesome Generative AI Applications,https://github.com/ai-collection/ai-collection,Generative AI Landscape - A Collection of Awesome Generative AI Applications
NextChat,âœ¨ Light and Fast AI Assistant. Support: Web | iOS | MacOS | Android |  Linux | Windows,https://github.com/ChatGPTNextWeb/NextChat,Light and Fast AI Assistant.
Perplexica,Perplexica is an AI-powered search engine. It is an Open source alternative to Perplexity AI,https://github.com/ItzCrazyKns/Perplexica,Perplexica is an AI-powered search engine.
AirCash,Cash system for AIR.,https://github.com/Aircoin-official/AirCash,Cash system for AIR.
AidLearning-FrameWork,"ğŸ”¥ğŸ”¥ğŸ”¥AidLearning is a powerful AIOT development platform, AidLearning builds a linux env supporting GUI, deep learning and visual IDE on Android...Now Aid supports CPU+GPU+NPU for inference with high performance acceleration...Linux on Android or HarmonyOS ",https://github.com/aidlearning/AidLearning-FrameWork,"dLearning is a powerful AIOT development platform, AidLearning builds a linux env supporting GUI, deep learning and visual IDE on Android. Now Aid supports CPU+GPU+NPU for inference with high performance acceleration."
xiaozhi-esp32,Build your own AI friend,https://github.com/78/xiaozhi-esp32,Build your own AI friend
ailab,"Experience, Learn and Code the latest breakthrough innovations with Microsoft AI",https://github.com/microsoft/ailab,"Experience, Learn and Code the latest breakthrough innovations with Microsoft AI"
Mr.-Ranedeer-AI-Tutor,A GPT-4 AI Tutor Prompt for customizable personalized learning experiences.,https://github.com/JushBJJ/Mr.-Ranedeer-AI-Tutor,GPT-4 AI Tutor Prompt for customizable personalized learning experiences.
E2B,Secure open source cloud runtime for AI apps & AI agents,https://github.com/e2b-dev/E2B,Secure open source cloud runtime for AI apps & AI agents
Airtest,UI Automation Framework for Games and Apps,https://github.com/AirtestProject/Airtest,UI Automation Framework for Games and Apps
aisuite,"Simple, unified interface to multiple Generative AI providers ",https://github.com/andrewyng/aisuite,"Simple, unified interface to multiple Generative AI providers"
AI-Scientist,The AI Scientist: Towards Fully Automated Open-Ended Scientific Discovery ğŸ§‘â€ğŸ”¬,https://github.com/SakanaAI/AI-Scientist,AI Scientist: Towards Fully Automated Open-Ended Scientific Discovery
StableLM,StableLM: Stability AI Language Models,https://github.com/Stability-AI/StableLM,StableLM: Stability AI Language Models
anything-llm,"The all-in-one Desktop & Docker AI application with built-in RAG, AI agents, No-code agent builder, and more.",https://github.com/Mintplex-Labs/anything-llm,"all-in-one Desktop & Docker AI application with built-in RAG, AI agents, No-code agent builder, and more."
air,â˜ï¸ Live reload for Go apps,https://github.com/air-verse/air,Live reload for Go apps
aimto408,ğŸ‡¨ğŸ‡³ğŸ‡¨ğŸ‡³ğŸ‡¨ğŸ‡³è¿™ä¸ªrepoæ˜¯ä¸ºäº†é‚£äº›å‡†å¤‡æ­»ç£• è®¡ç®—æœºè€ƒç ” 4ï¸âƒ£0ï¸âƒ£8ï¸âƒ£çš„è€ƒç ”å…šå‡†å¤‡çš„ï¼Œå½“ç„¶ä½ å¦‚æœ4é—¨è¯¾ä¸­çš„éƒ¨åˆ†ä¹Ÿå¯ä»¥çœ‹çœ‹ï¼Œæ¬¢è¿starğŸ“ğŸ“ğŸ“ï¼Œç¥ä½ ä»¬ä¸€æˆ˜æˆç¡•ğŸ†ğŸ†ğŸ†~~ï¼ˆæ›´æ–°23å¹´å¤§çº²å˜åŒ–----2023å¹´408å’Œæ•°å­¦åŸºæœ¬æ— å˜åŒ–ï¼‰,https://github.com/xiaolei565/aimto408,repo 4 0 8 4star23----2023408
airgeddon,This is a multi-use bash script for Linux systems to audit wireless networks.,https://github.com/v1s1t0r1sh3r3/airgeddon,a multi-use bash script for Linux systems to audit wireless networks.
susi_android,SUSI.AI Android App https://play.google.com/apps/testing/ai.susi,https://github.com/fossasia/susi_android,SUSI.
kong,ğŸ¦ The Cloud-Native API Gateway and AI Gateway.,https://github.com/Kong/kong,Cloud-Native API Gateway and AI Gateway.
vim-airline,lean & mean status/tabline for vim that's light as air,https://github.com/vim-airline/vim-airline,lean & mean statustabline for vim thats light as air
MONAI,AI Toolkit for Healthcare Imaging,https://github.com/Project-MONAI/MONAI,Toolkit for Healthcare Imaging
aircraft,The A32NX & A380X Project are community driven open source projects to create free Airbus aircraft in Microsoft Flight Simulator that are as close to reality as possible.,https://github.com/flybywiresim/aircraft,A32NX & A380X Project are community driven open source projects to create free Airbus aircraft in Microsoft Flight Simulator that are as close to reality as possible.
aidea,AIdea æ˜¯ä¸€æ¬¾æ”¯æŒ GPT  ä»¥åŠå›½äº§å¤§è¯­è¨€æ¨¡å‹é€šä¹‰åƒé—®ã€æ–‡å¿ƒä¸€è¨€ç­‰ï¼Œæ”¯æŒ Stable Diffusion æ–‡ç”Ÿå›¾ã€å›¾ç”Ÿå›¾ã€ SDXL1.0ã€è¶…åˆ†è¾¨ç‡ã€å›¾ç‰‡ä¸Šè‰²çš„å…¨èƒ½å‹ APPã€‚,https://github.com/mylxsw/aidea,dea GPT Stable Diffusion SDXL1.
StableStudio,Community interface for generative AI,https://github.com/Stability-AI/StableStudio,Community interface for generative AI
web-ui,Run AI Agent in your browser.,https://github.com/browser-use/web-ui,Run AI Agent in your browser.
course-v3,The 3rd edition of course.fast.ai,https://github.com/fastai/course-v3,3rd edition of course.
AisenWeiBo,æ–°æµªå¾®åšç¬¬ä¸‰æ–¹Androidå®¢æˆ·ç«¯,https://github.com/wangdan/AisenWeiBo,Android
phoenix,AI Observability & Evaluation,https://github.com/Arize-ai/phoenix,Observability & Evaluation
ray,Ray is an AI compute engine. Ray consists of a core distributed runtime and a set of AI Libraries for accelerating ML workloads.,https://github.com/ray-project/ray,Ray is an AI compute engine. Ray consists of a core distributed runtime and a set of AI Libraries for accelerating ML workloads.
awesome-ai-agents,A list of AI autonomous agents,https://github.com/e2b-dev/awesome-ai-agents,list of AI autonomous agents
AI,æœºå™¨å­¦ä¹ ã€æ·±åº¦å­¦ä¹ ã€è‡ªç„¶è¯­è¨€å¤„ç†ã€è®¡ç®—æœºè§†è§‰ç­‰AIé¢†åŸŸç›¸å…³æŠ€æœ¯çš„ç®—æ³•æ¨å¯¼åŠåº”ç”¨,https://github.com/excelsimon/AI,
ai-deadlines,:alarm_clock: AI conference deadline countdowns ,https://github.com/paperswithcode/ai-deadlines,conference deadline countdowns
spring-ai,An Application Framework for AI Engineering,https://github.com/spring-projects/spring-ai,An Application Framework for AI Engineering
mage-ai,"ğŸ§™ Build, run, and manage data pipelines for integrating and transforming data.",https://github.com/mage-ai/mage-ai,"Build, run, and manage data pipelines for integrating and transforming data."
awesome-mcp-servers,A collection of MCP servers.,https://github.com/punkpeye/awesome-mcp-servers,collection of MCP servers.
fairseq,Facebook AI Research Sequence-to-Sequence Toolkit written in Python.,https://github.com/facebookresearch/fairseq,Facebook AI Research Sequence-to-Sequence Toolkit written in Python.
ai-town,"A MIT-licensed, deployable starter kit for building and customizing your own version of AI town - a virtual town where AI characters live, chat and socialize.",https://github.com/a16z-infra/ai-town,"MIT-licensed, deployable starter kit for building and customizing your own version of AI town - a virtual town where AI characters live, chat and socialize."
docling,Get your documents ready for gen AI,https://github.com/DS4SD/docling,Get your documents ready for gen AI
chroma,the AI-native open-source embedding database,https://github.com/chroma-core/chroma,AI-native open-source embedding database
aiogram,aiogram is a modern and fully asynchronous framework for Telegram Bot API written in Python using asyncio,https://github.com/aiogram/aiogram,ogram is a modern and fully asynchronous framework for Telegram Bot API written in Python using asyncio
david-ai,"David AI is a free and open-source collection of customizable, production-ready UI components built with Tailwind CSS.",https://github.com/creativetimofficial/david-ai,"David AI is a free and open-source collection of customizable, production-ready UI components built with Tailwind CSS."
awesome-generative-ai-guide,"A one stop repository for generative AI research updates, interview resources, notebooks and much more!",https://github.com/aishwaryanr/awesome-generative-ai-guide,"one stop repository for generative AI research updates, interview resources, notebooks and much more!"
AgentGPT,"ğŸ¤– Assemble, configure, and deploy autonomous AI Agents in your browser.",https://github.com/reworkd/AgentGPT,"Assemble, configure, and deploy autonomous AI Agents in your browser."
AiLearning-Theory-Applying,å¿«é€Ÿä¸Šæ‰‹AIç†è®ºåŠåº”ç”¨å®æˆ˜ï¼šåŸºç¡€çŸ¥è¯†ã€Transformerã€NLPã€MLã€DLã€ç«èµ›ã€‚å«å¤§é‡æ³¨é‡ŠåŠæ•°æ®é›†ï¼ŒåŠ›æ±‚æ¯ä¸€ä½èƒ½çœ‹æ‡‚å¹¶å¤ç°ã€‚,https://github.com/ben1234560/AiLearning-Theory-Applying,TransformerNLPMLDL
AIChatWeb,åœ¨ChatGPT-Next-Webçš„åŸºç¡€ä¸Šï¼Œå¢åŠ æ³¨å†Œç™»å½•ï¼Œé¢åº¦é™åˆ¶ï¼Œé‚€è¯·ï¼Œæ•æ„Ÿè¯ï¼Œæ”¯ä»˜ï¼ŒåŸºäºdockerä¸€é”®éƒ¨ç½²ã€‚æä¾›åå°ç®¡ç†ç³»ç»Ÿï¼Œå¯é…ç½®æ ‡é¢˜ã€æ¬¢è¿è¯ã€é¢åº¦ä¸è¶³æé†’ã€å…¬å‘Š,https://github.com/Nanjiren01/AIChatWeb,ChatGPT-Next-Webdocker
SerpentAI,Game Agent Framework. Helping you create AIs / Bots that learn to play any game you own!,https://github.com/SerpentAI/SerpentAI,Game Agent Framework. Helping you create AIs Bots that learn to play any game you own!
aimeos-laravel,"Laravel ecommerce package for ultra fast online shops, scalable marketplaces, complex B2B applications and #gigacommerce",https://github.com/aimeos/aimeos-laravel,"Laravel ecommerce package for ultra fast online shops, scalable marketplaces, complex B"
chainlit,Build Conversational AI in minutes âš¡ï¸,https://github.com/Chainlit/chainlit,Build Conversational AI in minutes
BERT-pytorch,Google AI 2018 BERT pytorch implementation,https://github.com/codertimo/BERT-pytorch,BERT pytorch implementation
course22,The fast.ai course notebooks,https://github.com/fastai/course22,fast.
aiortc,WebRTC and ORTC implementation for Python using asyncio,https://github.com/aiortc/aiortc,WebRTC and ORTC implementation for Python using asyncio
apisix,The Cloud-Native API Gateway and AI Gateway,https://github.com/apache/apisix,Cloud-Native API Gateway and AI Gateway
AirplayServer,Android server for Airplay2,https://github.com/KqSMea8/AirplayServer,Android server for Airplay
core,AI agent microservice,https://github.com/cheshire-cat-ai/core,agent microservice
susi_server,SUSI.AI server backend - the Artificial Intelligence server for personal assistants  https://susi.ai,https://github.com/fossasia/susi_server,SUSI.
dalai,The simplest way to run LLaMA on your local machine,https://github.com/cocktailpeanut/dalai,simplest way to run LLaMA on your local machine
AirConnect,Use AirPlay to stream to UPnP/Sonos & Chromecast devices,https://github.com/philippe44/AirConnect,Use AirPlay to stream to UPnP
AI-Aimbot,"World's Best AI Aimbot - CS2, Valorant, Fortnite, APEX, every game",https://github.com/RootKit-Org/AI-Aimbot,s Best AI Aimbot - CS
air-datepicker,"Lightweight, dependency-free JavaScript datepicker.",https://github.com/t1m0n/air-datepicker,"Lightweight, dependency-free JavaScript datepicker."
AimTux,A large Linux csgo cheat/hack,https://github.com/AimTuxOfficial/AimTux,large Linux csgo cheat
aircrack-ng,WiFi security auditing tools suite,https://github.com/aircrack-ng/aircrack-ng,WiFi security auditing tools suite
project_openai_codex,Build and Deploy Your Own ChatGPT AI Application That Will Help You Code,https://github.com/adrianhajdin/project_openai_codex,Build and Deploy Your Own ChatGPT AI Application That Will Help You Code
companion-app,AI companions with memory: a lightweight stack to create and host your own AI companions,https://github.com/a16z-infra/companion-app,companions with memory: a lightweight stack to create and host your own AI companions
AI0x0.com,ä¸€ä¸ªå¤šæ¨¡æ€å¤šæ¨¡å‹é€šç”¨å‹çš„å…¨å±€å…¨èƒ½ AI æŸ¥è¯¢ç”Ÿæˆæ¡Œé¢æ‚¬æµ®åŠ©æ‰‹åº”ç”¨,https://github.com/mushan0x0/AI0x0.com,AI
DeepLearning.ai-Summary,This repository contains my personal notes and summaries on DeepLearning.ai specialization courses. I've enjoyed every little bit of the course hope you enjoy my notes too.,https://github.com/mbadry1/DeepLearning.ai-Summary,This repository contains my personal notes and summaries on DeepLearning. Ive enjoyed every little bit of the course hope you enjoy my notes too.
AIX360,Interpretability and explainability of data and machine learning models,https://github.com/Trusted-AI/AIX360,Interpretability and explainability of data and machine learning models
sqlflow,Brings SQL and AI together.,https://github.com/sql-machine-learning/sqlflow,Brings SQL and AI together.
hbox,AI on Hadoop,https://github.com/Qihoo360/hbox,on Hadoop
WrenAI,"ğŸ¤– Open-source GenBI AI Agent that empowers data-driven teams to chat with their data to generate Text-to-SQL, charts, spreadsheets, reports, and BI. ğŸ“ˆğŸ“ŠğŸ“‹ğŸ§‘â€ğŸ’»",https://github.com/Canner/WrenAI,"Open-source GenBI AI Agent that empowers data-driven teams to chat with their data to generate Text-to-SQL, charts, spreadsheets, reports, and BI."
street-fighter-ai,This is an AI agent for Street Fighter II Champion Edition.,https://github.com/linyiLYi/street-fighter-ai,an AI agent for Street Fighter II Champion Edition.
aicover,ai cover generator,https://github.com/all-in-aigc/aicover,cover generator
GenAI_Agents,"This repository provides tutorials and implementations for various Generative AI Agent techniques, from basic to advanced. It serves as a comprehensive guide for building intelligent, interactive AI systems.",https://github.com/NirDiamant/GenAI_Agents,"This repository provides tutorials and implementations for various Generative AI Agent techniques, from basic to advanced. It serves as a comprehensive guide for building intelligent, interactive AI systems."
pydantic-ai,Agent Framework / shim to use Pydantic with LLMs,https://github.com/pydantic/pydantic-ai,shim to use Pydantic with LLMs
AutoGPT,"AutoGPT is the vision of accessible AI for everyone, to use and to build on. Our mission is to provide the tools, so that you can focus on what matters.",https://github.com/Significant-Gravitas/AutoGPT,"AutoGPT is the vision of accessible AI for everyone, to use and to build on. Our mission is to provide the tools, so that you can focus on what matters."
sourcegraph-public-snapshot,Code AI platform with Code Search & Cody,https://github.com/sourcegraph/sourcegraph-public-snapshot,Code AI platform with Code Search & Cody
clarity-upscaler,Clarity AI | AI Image Upscaler & Enhancer - free and open-source Magnific Alternative,https://github.com/philz1337x/clarity-upscaler,Image Upscaler & Enhancer - free and open-source Magnific Alternative
ailab,,https://github.com/bilibili/ailab,
duix.ai,,https://github.com/GuijiAI/duix.ai,
oaqjp-final-project-emb-ai,final-project-emb-ai,https://github.com/ibm-developer-skills-network/oaqjp-final-project-emb-ai,final-project-emb-ai
awesome-ai-painting,AIç»˜ç”»èµ„æ–™åˆé›†ï¼ˆåŒ…å«å›½å†…å¤–å¯ä½¿ç”¨å¹³å°ã€ä½¿ç”¨æ•™ç¨‹ã€å‚æ•°æ•™ç¨‹ã€éƒ¨ç½²æ•™ç¨‹ã€ä¸šç•Œæ–°é—»ç­‰ç­‰ï¼‰ Stable diffusionã€AnimateDiffã€Stable Cascade ã€Stable SDXL Turbo,https://github.com/hua1995116/awesome-ai-painting,Stable diffusionAnimateDiffStable Cascade Stable SDXL Turbo
flower,Flower: A Friendly Federated AI Framework,https://github.com/adap/flower,Flower: A Friendly Federated AI Framework
BitTiger,æ¥è‡ªç¡…è°·çš„ç»ˆèº«å­¦ä¹ å¤§å­¦,https://github.com/Fabsqrt/BitTiger,
aiXcoder-7B,official repository of aiXcoder-7B Code Large Language Model,https://github.com/aixcoder-plugin/aiXcoder-7B,official repository of aiXcoder-
ai,,https://github.com/flutter/ai,
Swift-AI,The Swift machine learning library.,https://github.com/Swift-AI/Swift-AI,Swift machine learning library.
crewAI-examples,A collection of examples that show how to use CrewAI framework to automate workflows.,https://github.com/crewAIInc/crewAI-examples,collection of examples that show how to use CrewAI framework to automate workflows.
AICoverGen,A WebUI to create song covers with any RVC v2 trained AI voice from YouTube videos or audio files.,https://github.com/SociallyIneptWeeb/AICoverGen,WebUI to create song covers with any RVC v2 trained AI voice from YouTube videos or audio files.
machine-learning-engineering-for-production-public,Public repo for DeepLearning.AI MLEP Specialization,https://github.com/https-deeplearning-ai/machine-learning-engineering-for-production-public,Public repo for DeepLearning.
aicommits,A CLI that writes your git commit messages for you with AI,https://github.com/Nutlope/aicommits,CLI that writes your git commit messages for you with AI
MoneyPrinterTurbo,åˆ©ç”¨AIå¤§æ¨¡å‹ï¼Œä¸€é”®ç”Ÿæˆé«˜æ¸…çŸ­è§†é¢‘ Generate short videos with one click using AI LLM.,https://github.com/harry0703/MoneyPrinterTurbo,Generate short videos with one click using AI LLM.
awesome-ai-art-image-synthesis,"A list of awesome tools, ideas, prompt engineering tools, colabs, models, and helpers for the prompt designer playing with aiArt and image synthesis. Covers Dalle2, MidJourney, StableDiffusion, and open source tools.",https://github.com/altryne/awesome-ai-art-image-synthesis,"list of awesome tools, ideas, prompt engineering tools, colabs, models, and helpers for the prompt designer playing with aiArt and image synthesis. Covers Dalle2, MidJourney, StableDiffusion, and open source tools."
ell,A language model programming library.,https://github.com/MadcowD/ell,language model programming library.
susi_iOS,SUSI AI iOS app http://susi.ai,https://github.com/fossasia/susi_iOS,SUSI AI iOS app
datahub,The Metadata Platform for your Data and AI Stack,https://github.com/datahub-project/datahub,Metadata Platform for your Data and AI Stack
aiexperiments-ai-duet,A piano that responds to you.,https://github.com/googlecreativelab/aiexperiments-ai-duet,piano that responds to you.
susi_linux,Hardware for SUSI AI https://susi.ai,https://github.com/fossasia/susi_linux,Hardware for SUSI AI
serve,â˜ï¸ Build multimodal AI applications with cloud-native stack,https://github.com/jina-ai/serve,Build multimodal AI applications with cloud-native stack
bilingual_book_maker,Make bilingual epub books Using AI translate,https://github.com/yihong0618/bilingual_book_maker,Make bilingual epub books Using AI translate
airllm,AirLLM 70B inference with single 4GB GPU,https://github.com/lyogavin/airllm,B inference with single
openv0,AI generated UI components,https://github.com/raidendotai/openv0,generated UI components
EvalAI,:cloud: :rocket: :bar_chart: :chart_with_upwards_trend: Evaluating state of the art in AI,https://github.com/Cloud-CV/EvalAI,Evaluating state of the art in AI
data-formulator,ğŸª„ Create rich visualizations with AI ,https://github.com/microsoft/data-formulator,Create rich visualizations with AI
AI-Optimizer,The next generation deep reinforcement learning tookit,https://github.com/TJU-DRL-LAB/AI-Optimizer,next generation deep reinforcement learning tookit
AIDungeon,Infinite adventures await!,https://github.com/latitudegames/AIDungeon,Infinite adventures await!
ai,Discover open-source projects on GitHub relevant to your skills (with ai).,https://github.com/open-sauced/ai,Discover open-source projects relevant to your skills (with ai).
awesome-generative-ai,A curated list of modern Generative Artificial Intelligence projects and services,https://github.com/steven2358/awesome-generative-ai,curated list of modern Generative Artificial Intelligence projects and services
ai-notes,"notes for software engineers getting up to speed on new AI developments. Serves as datastore for https://latent.space writing, and product brainstorming, but has cleaned up canonical references under the /Resources folder.",https://github.com/swyxio/ai-notes,"developments. Serves as datastore for writing, and product brainstorming, but has cleaned up canonical references under the Resources folder."
memfree,MemFree - Hybrid AI Search Engine & AI Page Generator,https://github.com/memfreeme/memfree,MemFree - Hybrid AI Search Engine & AI Page Generator
airframe-react,Free Open Source High Quality Dashboard based on Bootstrap 4 & React 16: https://airframe-react-lime.vercel.app,https://github.com/0wczar/airframe-react,Free Open Source High Quality Dashboard based on Bootstrap
AIOS,AIOS: AI Agent Operating System,https://github.com/agiresearch/AIOS,OS: AI Agent Operating System
KMS_VL_ALL_AIO,Smart Activation Script,https://github.com/abbodi1406/KMS_VL_ALL_AIO,Smart Activation Script
aichat,"All-in-one LLM CLI tool featuring Shell Assistant, Chat-REPL, RAG, AI Tools & Agents, with access to OpenAI, Claude, Gemini, Ollama, Groq, and more.",https://github.com/sigoden/aichat,"All-in-one LLM CLI tool featuring Shell Assistant, Chat-REPL, RAG, AI Tools & Agents, with access to OpenAI, Claude, Gemini, Ollama, Groq, and more."
AI-System,System for AI Education Resource.,https://github.com/microsoft/AI-System,System for AI Education Resource.
plate,A rich-text editor powered by AI,https://github.com/udecode/plate,rich-text editor powered by AI
ai-beehive,AI èœ‚å·¢ï¼ŒåŸºäº Java ä½¿ç”¨ Spring Boot 3 å’Œ JDK 17ï¼Œæ”¯æŒçš„åŠŸèƒ½æœ‰ ChatGPTã€OpenAi Imageã€Midjourneyã€NewBingã€æ–‡å¿ƒä¸€è¨€ç­‰ç­‰,https://github.com/hncboy/ai-beehive,Java Spring Boot
aind2-cnn,AIND Term 2 -- Lesson on Convolutional Neural Networks,https://github.com/udacity/aind2-cnn,Lesson on Convolutional Neural Networks
ai-toolkit,Various AI scripts. Mostly Stable Diffusion stuff.,https://github.com/ostris/ai-toolkit,Various AI scripts. Mostly Stable Diffusion stuff.
PraisonAI,"PraisonAI is a production-ready Multi AI Agents framework, designed to create AI Agents to automate and solve problems ranging from simple tasks to complex challenges. It provides a low-code solution to streamline the building and management of multi-agent LLM systems, emphasising simplicity, customisation, and effective human-agent collaboration.",https://github.com/MervinPraison/PraisonAI,"PraisonAI is a production-ready Multi AI Agents framework, designed to create AI Agents to automate and solve problems ranging from simple tasks to complex challenges. It provides a low-code solution to streamline the building and management of multi-agent LLM systems, emphasising simplicity, customisation, and effective human-agent collaboration."
AI-Writer,AI å†™å°è¯´ï¼Œç”Ÿæˆç„å¹»å’Œè¨€æƒ…ç½‘æ–‡ç­‰ç­‰ã€‚ä¸­æ–‡é¢„è®­ç»ƒç”Ÿæˆæ¨¡å‹ã€‚é‡‡ç”¨æˆ‘çš„ RWKV æ¨¡å‹ï¼Œç±»ä¼¼ GPT-2 ã€‚AIå†™ä½œã€‚RWKV for Chinese novel generation.,https://github.com/BlinkDL/AI-Writer,RWKV GPT-2 AIRWKV for Chinese novel generation.
AICommand,ChatGPT integration with Unity Editor,https://github.com/keijiro/AICommand,ChatGPT integration with Unity Editor
ai-agents-for-beginners,10 Lessons to Get Started Building AI Agents,https://github.com/microsoft/ai-agents-for-beginners,Lessons to Get Started Building AI Agents
novel,Notion-style WYSIWYG editor with AI-powered autocompletion.,https://github.com/steven-tey/novel,Notion-style WYSIWYG editor with AI-powered autocompletion.
imaginAIry,Pythonic AI generation of images and videos,https://github.com/brycedrennan/imaginAIry,Pythonic AI generation of images and videos
NarratoAI,åˆ©ç”¨AIå¤§æ¨¡å‹ï¼Œä¸€é”®è§£è¯´å¹¶å‰ªè¾‘è§†é¢‘ï¼› Using AI models to automatically provide commentary and edit videos with a single click.,https://github.com/linyqh/NarratoAI,Using AI models to automatically provide commentary and edit videos with a single click.
AI_Tutorial,ç²¾é€‰æœºå™¨å­¦ä¹ ï¼ŒNLPï¼Œå›¾åƒè¯†åˆ«ï¼Œ æ·±åº¦å­¦ä¹ ç­‰äººå·¥æ™ºèƒ½é¢†åŸŸå­¦ä¹ èµ„æ–™ï¼Œæœç´¢ï¼Œæ¨èï¼Œå¹¿å‘Šç³»ç»Ÿæ¶æ„åŠç®—æ³•æŠ€æœ¯èµ„æ–™æ•´ç†ã€‚ç®—æ³•å¤§ç‰›ç¬”è®°æ±‡æ€»,https://github.com/cbamls/AI_Tutorial,NLP
jQuery-menu-aim,jQuery plugin to fire events when user's cursor aims at particular dropdown menu items. For making responsive mega dropdowns like Amazon's.,https://github.com/kamens/jQuery-menu-aim,Query plugin to fire events when users cursor aims at particular dropdown menu items. For making responsive mega dropdowns like Amazons.
AiyaEffectsAndroid,"å®å®ç‰¹æ•ˆDemoé€šè¿‡çŸ­è§†é¢‘SDKã€ç›´æ’­SDKè½»æ¾å®ç°ç‰¹æ•ˆä¸è§†é¢‘å‰ªè¾‘ï¼Œä¸ºç”¨æˆ·æä¾›ç‰¹æ•ˆç›¸æœºï¼Œæ‹æ‘„è¾…åŠ©ï¼Œè‡ªåŠ¨ç¾é¢œç›¸æœºï¼ŒæŠ–éŸ³æ»¤é•œã€ç›´æ’­ç¤¼ç‰©ã€ç›´æ’­è´´çº¸ç­‰ï¼Œè¶…ä½å ç”¨ç©ºé—´ï¼Œåç§’å¤§å‹åœºæ™¯ä»…100KB+ï¼Œ ç²¾å‡†äººè„¸è¯†åˆ«ã€äººè„¸è·Ÿè¸ªï¼Œæ”¯æŒ3Dç‰¹æ•ˆï¼Œ3DåŠ¨ç”»ç‰¹æ•ˆï¼Œ2Dç‰¹æ•ˆã€åŠ¨ç”»æ¸²æŸ“ã€ç‰¹æ•ˆæ¸²æŸ“ç­‰,  visual effects IOS demo, support 3D effect, 3D Animation, 2D effect",https://github.com/aiyaapp/AiyaEffectsAndroid,"D, visual effects IOS demo, support"
AirMapView,A view abstraction to provide a map user interface with various underlying map providers,https://github.com/airbnb/AirMapView,view abstraction to provide a map user interface with various underlying map providers
law-cn-ai,âš–ï¸ AI æ³•å¾‹åŠ©æ‰‹,https://github.com/lvwzhen/law-cn-ai,AI
AITemplate,AITemplate is a Python framework which renders neural network into high performance CUDA/HIP C++ code. Specialized for FP16 TensorCore (NVIDIA GPU) and MatrixCore (AMD GPU) inference.,https://github.com/facebookincubator/AITemplate,Template is a Python framework which renders neural network into high performance CUDAHIP C++ code. Specialized for FP16 TensorCore (NVIDIA GPU) and MatrixCore (AMD GPU) inference.
mathAI,ä¸€ä¸ªæ‹ç…§åšé¢˜ç¨‹åºã€‚è¾“å…¥ä¸€å¼ åŒ…å«æ•°å­¦è®¡ç®—é¢˜çš„å›¾ç‰‡ï¼Œè¾“å‡ºè¯†åˆ«å‡ºçš„æ•°å­¦è®¡ç®—å¼ä»¥åŠè®¡ç®—ç»“æœã€‚This is a mathematic expression recognition project.,https://github.com/Roujack/mathAI,a mathematic expression recognition project.
airpal,Web UI for PrestoDB.,https://github.com/airbnb/airpal,Web UI for PrestoDB.
SnakeAI,Train a Neural Network to play Snake using a Genetic Algorithm,https://github.com/greerviau/SnakeAI,Train a Neural Network to play Snake using a Genetic Algorithm
metaflow,"Build, Deploy and Manage AI/ML Systems",https://github.com/Netflix/metaflow,"Build, Deploy and Manage AI"
TagUI,Free RPA tool by AI Singapore,https://github.com/aisingapore/TagUI,Free RPA tool by AI Singapore
GenerativeAIExamples,Generative AI reference workflows optimized for accelerated infrastructure and microservice architecture.,https://github.com/NVIDIA/GenerativeAIExamples,Generative AI reference workflows optimized for accelerated infrastructure and microservice architecture.
AISuperDomain,"Aila(AIè¶…å…ƒåŸŸ): The premier AI integration tool for Windows, macOS, and Android. Ask once, get answers from 10+ AIs like ChatGPT, Gemini, Claude3, Copilot, Poe, perplexity and more. Features customizable AI and prompts.",https://github.com/win4r/AISuperDomain,"la(AI): The premier AI integration tool for Windows, macOS, and Android. Ask once, get answers from 10+ AIs like ChatGPT, Gemini, Claude3, Copilot, Poe, perplexity and more. Features customizable AI and prompts."
ai_projects,AI projects,https://github.com/miguelgfierro/ai_projects,projects
ai-engineering-hub,,https://github.com/patchy631/ai-engineering-hub,
Vitis-AI,"Vitis AI is Xilinxâ€™s development stack for AI inference on Xilinx hardware platforms, including both edge devices and Alveo cards.",https://github.com/Xilinx/Vitis-AI,"Vitis AI is Xilinxs development stack for AI inference on Xilinx hardware platforms, including both edge devices and Alveo cards."
aim,Aim ğŸ’« â€” An easy-to-use & supercharged open-source experiment tracker.,https://github.com/aimhubio/aim,m An easy-to-use & supercharged open-source experiment tracker.
ai2thor,An open-source platform for Visual AI.,https://github.com/allenai/ai2thor,An open-source platform for Visual AI.
practicalAI-cn,AIå®æˆ˜-practicalAI ä¸­æ–‡ç‰ˆ,https://github.com/MLEveryday/practicalAI-cn,-practicalAI
open-health,"OpenHealth, AI Health Assistant | Powered by Your Data",https://github.com/OpenHealthForAll/open-health,"OpenHealth, AI Health Assistant"
self-hosted-ai-starter-kit,"The Self-hosted AI Starter Kit is an open-source template that quickly sets up a local AI environment. Curated by n8n, it provides essential tools for creating secure, self-hosted AI workflows.",https://github.com/n8n-io/self-hosted-ai-starter-kit,"Self-hosted AI Starter Kit is an open-source template that quickly sets up a local AI environment. Curated by n8n, it provides essential tools for creating secure, self-hosted AI workflows."
Genesis,A generative world for general-purpose robotics & embodied AI learning.,https://github.com/Genesis-Embodied-AI/Genesis,generative world for general-purpose robotics & embodied AI learning.
AIPND,Code and associated files for the AI Programming with Python Nanodegree Program,https://github.com/udacity/AIPND,Code and associated files for the AI Programming with Python Nanodegree Program
FlagAI,"FlagAI (Fast LArge-scale General AI models) is a fast, easy-to-use and extensible toolkit for large-scale model.",https://github.com/FlagAI-Open/FlagAI,"FlagAI (Fast LArge-scale General AI models) is a fast, easy-to-use and extensible toolkit for large-scale model."
500-AI-Machine-learning-Deep-learning-Computer-vision-NLP-Projects-with-code,500 AI Machine learning Deep learning Computer vision NLP Projects with code,https://github.com/ashishpatel26/500-AI-Machine-learning-Deep-learning-Computer-vision-NLP-Projects-with-code,Machine learning Deep learning Computer vision NLP2Projects with code
aima-java,"Java implementation of algorithms from Russell And Norvig's ""Artificial Intelligence - A Modern Approach""",https://github.com/aimacode/aima-java,Java implementation of algorithms from Russell And Norvig
ai-roadmap,ApacheCN AI è·¯çº¿å›¾ï¼ˆçŸ¥è¯†æ ‘ï¼‰,https://github.com/apachecn/ai-roadmap,ApacheCN AI
airflow-tutorial,Apache Airflow tutorial,https://github.com/tuanavu/airflow-tutorial,Apache Airflow tutorial
AiYaGirl,:fire: çˆ±å–å¦¹çº¸ï¼ˆå« Kotlin åˆ†æ”¯ç‰ˆæœ¬ï¼‰â€”â€”Retrofit + RxJava + MVP æ¶æ„ APP ä½“éªŒä»£ç å®¶çš„å¹²è´§é›†ä¸­è¥ Gank.ioï¼Œç¦åˆ©å¤šå¤šï¼Œä¸å®¹é”™è¿‡,https://github.com/nanchen2251/AiYaGirl,Kotlin Retrofit + RxJava + MVP APP Gank.
docker-airflow,Docker Apache Airflow,https://github.com/puckel/docker-airflow,Docker Apache Airflow
ai-codereviewer,"AI Code Reviewer: Enhance your GitHub workflow with AI-powered code review! Get intelligent feedback and suggestions on pull requests using OpenAI's GPT-4 API, improving code quality and saving developers time.",https://github.com/aidar-freeed/ai-codereviewer,"Code Reviewer: Enhance your GitHub workflow with AI-powered code review! Get intelligent feedback and suggestions on pull requests using OpenAIs GPT-4 API, improving code quality and saving developers time."
julep,Serverless AI Workflows for Data & ML Teams,https://github.com/julep-ai/julep,Serverless AI Workflows for Data & ML Teams
superagent,ğŸ¥· Run AI-agents with an API,https://github.com/superagent-ai/superagent,Run AI-agents with an API
atomic-agents,"Building AI agents, atomically",https://github.com/BrainBlend-AI/atomic-agents,"Building AI agents, atomically"
sweep,Sweep: AI coding assistant for JetBrains,https://github.com/sweepai/sweep,Sweep: AI coding assistant for JetBrains
KoboldAI-Client,"For GGUF support, see KoboldCPP: https://github.com/LostRuins/koboldcpp",https://github.com/KoboldAI/KoboldAI-Client,"For GGUF support, see KoboldCPP:"
simpleaichat,"Python package for easily interfacing with chat apps, with robust features and minimal code complexity.",https://github.com/minimaxir/simpleaichat,"Python package for easily interfacing with chat apps, with robust features and minimal code complexity."
AI-Job-Notes,AIç®—æ³•å²—æ±‚èŒæ”»ç•¥ï¼ˆæ¶µç›–å‡†å¤‡æ”»ç•¥ã€åˆ·é¢˜æŒ‡å—ã€å†…æ¨å’ŒAIå…¬å¸æ¸…å•ç­‰èµ„æ–™ï¼‰,https://github.com/amusi/AI-Job-Notes,
kornia,ğŸ Geometric Computer Vision Library for Spatial AI,https://github.com/kornia/kornia,Geometric Computer Vision Library for Spatial AI
MetaGPT,"ğŸŒŸ The Multi-Agent Framework: First AI Software Company, Towards Natural Language Programming",https://github.com/geekan/MetaGPT,"Multi-Agent Framework: First AI Software Company, Towards Natural Language Programming"
lite.ai.toolkit,"ğŸ›  A lite C++ toolkit of 100+ Awesome AI models, support ORT, MNN, NCNN, TNN and TensorRT. ğŸ‰ğŸ‰",https://github.com/DefTruth/lite.ai.toolkit,"lite C++ toolkit of 100+ Awesome AI models, support ORT, MNN, NCNN, TNN and TensorRT."
cookbook,Open-source AI cookbook,https://github.com/huggingface/cookbook,Open-source AI cookbook
morphic,An AI-powered search engine with a generative UI,https://github.com/miurla/morphic,An AI-powered search engine with a generative UI
AIAlpha,Use unsupervised and supervised learning to predict stocks,https://github.com/VivekPa/AIAlpha,Use unsupervised and supervised learning to predict stocks
Efficient-AI-Backbones,"Efficient AI Backbones including GhostNet, TNT and MLP, developed by Huawei Noah's Ark Lab.",https://github.com/huawei-noah/Efficient-AI-Backbones,"Efficient AI Backbones including GhostNet, TNT and MLP, developed by Huawei Noahs Ark Lab."
AI,"The ultimate list of resources to teach yourself how to use the latest AI tools, frameworks, and ideas.",https://github.com/emmethalm/AI,"ultimate list of resources to teach yourself how to use the latest AI tools, frameworks, and ideas."
jupyter-ai,A generative AI extension for JupyterLab,https://github.com/jupyterlab/jupyter-ai,generative AI extension for JupyterLab
aiyprojects-raspbian," API libraries, samples, and system images for AIY Projects (Voice Kit and Vision Kit)",https://github.com/google/aiyprojects-raspbian,"API libraries, samples, and system images for AIY Projects (Voice Kit and Vision Kit"
openui,"OpenUI let's you describe UI using your imagination, then see it rendered live.",https://github.com/wandb/openui,"OpenUI lets you describe UI using your imagination, then see it rendered live."
TaskingAI,The open source platform for AI-native application development.,https://github.com/TaskingAI/TaskingAI,open source platform for AI-native application development.
cofounder,"ai-generated apps , full stack + generative UI",https://github.com/raidendotai/cofounder,"-generated apps, full stack + generative UI"
h5ai,"HTTP web server index for Apache httpd, lighttpd and nginx.",https://github.com/lrsjng/h5ai,"HTTP web server index for Apache httpd, lighttpd and nginx."
aimet,AIMET is a library that provides advanced quantization and compression techniques for trained neural network models.,https://github.com/quic/aimet,MET is a library that provides advanced quantization and compression techniques for trained neural network models.
panda,code powering the comma.ai panda,https://github.com/commaai/panda,code powering the comma.ai panda
ML-YouTube-Courses,ğŸ“º Discover the latest machine learning / AI courses on YouTube.,https://github.com/dair-ai/ML-YouTube-Courses,Discover the latest machine learning AI courses on YouTube.
aws-serverless-airline-booking,"Airline Booking is a sample web application that provides Flight Search, Flight Payment, Flight Booking and Loyalty points including end-to-end testing, GraphQL and CI/CD. This web application was the theme of Build on Serverless Season 2 on AWS Twitch running from April 24th until end of August in 2019.",https://github.com/aws-samples/aws-serverless-airline-booking,"rline Booking is a sample web application that provides Flight Search, Flight Payment, Flight Booking and Loyalty points including end-to-end testing, GraphQL and CICD. This web application was the theme of Build on Serverless Season 2 on AWS Twitch running from April 24th until end of August in 2019."
ai,,https://github.com/Marshakut8dy9lWfi33i1dnynn/ai,
air-conditioner,â„ï¸ Yun Portable Air Conditoner. äº‘ç©ºè°ƒï¼Œä¾¿æºå°ç©ºè°ƒï¼Œä¸ºä½ çš„å¤æ—¥å¸¦å»æ¸…å‡‰ï¼,https://github.com/YunYouJun/air-conditioner,Yun Portable Air Conditoner.
aimeos,"Integrated online shop based on Laravel 11 and the Aimeos e-commerce framework for ultra-fast online shops, scalable marketplaces, complex B2B applications and #gigacommerce",https://github.com/aimeos/aimeos,Integrated online shop based on Laravel
yousan.ai,Awesome resources of yousan.ai(closely related to deep learning).,https://github.com/longpeng2008/yousan.ai,Awesome resources of yousan.
aiva,AIVA (A.I. Virtual Assistant): General-purpose virtual assistant for developers.,https://github.com/kengz/aiva,VA (A. I. Virtual Assistant): General-purpose virtual assistant for developers.
AI_Curriculum,"Open Deep Learning and Reinforcement Learning lectures from top Universities like Stanford, MIT, UC Berkeley.",https://github.com/Machine-Learning-Tokyo/AI_Curriculum,"Open Deep Learning and Reinforcement Learning lectures from top Universities like Stanford, MIT, UC Berkeley."
ai-getting-started,"A Javascript AI getting started stack for weekend projects, including image/text models, vector stores, auth, and deployment configs",https://github.com/a16z-infra/ai-getting-started,"Javascript AI getting started stack for weekend projects, including image"
OpenAI,Swift community driven package for OpenAI public API,https://github.com/MacPaw/OpenAI,Swift community driven package for OpenAI public API
feast,The Open Source Feature Store for AI/ML,https://github.com/feast-dev/feast,Open Source Feature Store for AI
god-level-ai,"A collection of scientific methods, processes, algorithms, and systems to build stories & models.",https://github.com/hemansnation/god-level-ai,"collection of scientific methods, processes, algorithms, and systems to build stories & models."
interviews.ai,"It is my belief that you, the postgraduate students and job-seekers for whom the book is primarily meant will benefit from reading it; however, it is my hope that even the most experienced researchers will find it fascinating as well.",https://github.com/BoltzmannEntropy/interviews.ai,"It is my belief that you, the postgraduate students and job-seekers for whom the book is primarily meant will benefit from reading it; however, it is my hope that even the most experienced researchers will find it fascinating as well."
website-legacy-aio,All-in-one Holy Unblocker bundle,https://github.com/holy-unblocker/website-legacy-aio,All-in-one Holy Unblocker bundle
document.ai,åŸºäºå‘é‡æ•°æ®åº“ä¸GPT3.5çš„é€šç”¨æœ¬åœ°çŸ¥è¯†åº“æ–¹æ¡ˆ(A universal local knowledge base solution based on vector database and GPT3.5),https://github.com/GanymedeNil/document.ai,GPT3. A universal local knowledge base solution based on vector database and GPT3.
wav2letter,Facebook AI Research's Automatic Speech Recognition Toolkit ,https://github.com/flashlight/wav2letter,s Automatic Speech Recognition Toolkit
AiEditor,AiEditor is a next-generation rich text editor for AI.,https://github.com/aieditor-team/AiEditor,Editor is a next-generation rich text editor for AI.
midscene,Let AI be your browser operator.,https://github.com/web-infra-dev/midscene,Let AI be your browser operator.
TransmogrifAI,"TransmogrifAI (pronounced trÄƒns-mÅgËˆrÉ™-fÄ«) is an AutoML library for building modular, reusable, strongly typed machine learning workflows on Apache Spark with minimal hand-tuning",https://github.com/salesforce/TransmogrifAI,TransmogrifAI (pronounced tr
gitingest,Replace 'hub' with 'ingest' in any github url to get a prompt-friendly extract of a codebase ,https://github.com/cyclotruc/gitingest,in any github url to get a prompt-friendly extract of a codebase
AiNiee,ä¸€æ¬¾ä¸“æ³¨äºAiç¿»è¯‘çš„å·¥å…·ï¼Œå¯ä»¥ç”¨æ¥ä¸€é”®è‡ªåŠ¨ç¿»è¯‘RPG SLGæ¸¸æˆï¼ŒEpub Word TXTå°è¯´ï¼ŒSrt Vtt Lrcå­—å¹•ç­‰ç­‰ã€‚,https://github.com/NEKOparapa/AiNiee,RPG SLGEpub Word TXTSrt Vtt Lrc
aiac,Artificial Intelligence Infrastructure-as-Code Generator.,https://github.com/gofireflyio/aiac,Artificial Intelligence Infrastructure-as-Code Generator.
ai-code-translator,Use AI to translate code from one language to another.,https://github.com/mckaywrigley/ai-code-translator,Use AI to translate code from one language to another.
AI,Repository for artificial intelligence programs. The programs in this repository will vary on the programming language and the subjects. The code is really neat and specific.,https://github.com/flovera1/AI,Repository for artificial intelligence programs. The programs in this repository will vary on the programming language and the subjects. The code is really neat and specific.
photoprism,AI-Powered Photos App for the Decentralized Web ğŸŒˆğŸ’âœ¨,https://github.com/photoprism/photoprism,-Powered Photos App for the Decentralized Web
AirChat,Free Communications For Everyone.,https://github.com/lulzlabs/AirChat,Free Communications For Everyone.
ai-fundamentals,Code samples for AI fundamentals,https://github.com/MicrosoftDocs/ai-fundamentals,Code samples for AI fundamentals
airplay2-receiver,AirPlay 2 Receiver - Python implementation,https://github.com/openairplay/airplay2-receiver,Receiver - Python implementation
ai-agents-masterclass,Follow along with my AI Agents Masterclass videos! All of the code I create and use in this series on YouTube will be here for you to use and even build on top of!,https://github.com/coleam00/ai-agents-masterclass,Follow along with my AI Agents Masterclass videos! All of the code I create and use in this series on YouTube will be here for you to use and even build on top of!
awful-ai,ğŸ˜ˆAwful AI is a curated list to track current scary usages of AI - hoping to raise awareness,https://github.com/daviddao/awful-ai,Awful AI is a curated list to track current scary usages of AI - hoping to raise awareness
musegan,An AI for Music Generation,https://github.com/salu133445/musegan,An AI for Music Generation
AppFlowy,"Bring projects, wikis, and teams together with AI. AppFlowy is the AI collaborative workspace where you achieve more without losing control of your data. The leading open source Notion alternative.",https://github.com/AppFlowy-IO/AppFlowy,"Bring projects, wikis, and teams together with AI. AppFlowy is the AI collaborative workspace where you achieve more without losing control of your data. The leading open source Notion alternative."
krita-ai-diffusion,"Streamlined interface for generating images with AI in Krita. Inpaint and outpaint with optional text prompt, no tweaking required.",https://github.com/Acly/krita-ai-diffusion,"Streamlined interface for generating images with AI in Krita. Inpaint and outpaint with optional text prompt, no tweaking required."
simple-chess-ai,A simple chess AI,https://github.com/lhartikk/simple-chess-ai,simple chess AI
system-prompts-and-models-of-ai-tools,,https://github.com/x1xhlol/system-prompts-and-models-of-ai-tools,
vault-ai,"OP Vault ChatGPT: Give ChatGPT long-term memory using the OP Stack (OpenAI + Pinecone Vector Database). Upload your own custom knowledge base files (PDF, txt, epub, etc) using a simple React frontend.",https://github.com/pashpashpash/vault-ai,"OP Vault ChatGPT: Give ChatGPT long-term memory using the OP Stack (OpenAI + Pinecone Vector Database). Upload your own custom knowledge base files (PDF, txt, epub, etc) using a simple React frontend."
AirGuard,Protect yourself from being tracked ğŸŒ by AirTags ğŸ· and Find My accessories ğŸ“,https://github.com/seemoo-lab/AirGuard,Protect yourself from being tracked by AirTags and Find My accessories
uTensor,TinyML AI inference library,https://github.com/uTensor/uTensor,TinyML AI inference library
AIRAVAT,A multifunctional Android RAT with GUI based Web Panel without port forwarding.,https://github.com/Th30neAnd0nly/AIRAVAT,multifunctional Android RAT with GUI based Web Panel without port forwarding.
aibrix,Cost-efficient and pluggable Infrastructure components for GenAI inference,https://github.com/vllm-project/aibrix,Cost-efficient and pluggable Infrastructure components for GenAI inference
civitai,"A repository of models, textual inversions, and more",https://github.com/civitai/civitai,"repository of models, textual inversions, and more"
GameAISDK,åŸºäºå›¾åƒçš„æ¸¸æˆAIè‡ªåŠ¨åŒ–æ¡†æ¶,https://github.com/Tencent/GameAISDK,
lab,A customisable 3D platform for agent-based AI research,https://github.com/google-deepmind/lab,D platform for agent-based AI research
ContosoAir,Source code repository for ContosoAir application ,https://github.com/microsoft/ContosoAir,Source code repository for ContosoAir application
AI-900-AIFundamentals,Includes labs for AI Fundamentals. ,https://github.com/MicrosoftLearning/AI-900-AIFundamentals,Includes labs for AI Fundamentals.
BotSharp,AI Multi-Agent Framework in .NET,https://github.com/SciSharp/BotSharp,Multi-Agent Framework in.
ai-chatbot-framework,A python chatbot framework with Natural Language Understanding and Artificial Intelligence.,https://github.com/alfredfrancis/ai-chatbot-framework,python chatbot framework with Natural Language Understanding and Artificial Intelligence.
EmbedAI,"An app to interact privately with your documents using the power of GPT, 100% privately, no data leaks",https://github.com/SamurAIGPT/EmbedAI,"An app to interact privately with your documents using the power of GPT,"
Reinforcement-learning-with-tensorflow,"Simple Reinforcement learning tutorials, è«çƒ¦Python ä¸­æ–‡AIæ•™å­¦",https://github.com/MorvanZhou/Reinforcement-learning-with-tensorflow,"Simple Reinforcement learning tutorials, Python AI"
HivisionIDPhotos,âš¡ï¸HivisionIDPhotos: a lightweight and efficient AI ID photos tools. ä¸€ä¸ªè½»é‡çº§çš„AIè¯ä»¶ç…§åˆ¶ä½œç®—æ³•ã€‚,https://github.com/Zeyi-Lin/HivisionIDPhotos,HivisionIDPhotos: a lightweight and efficient AI ID photos tools.
deeplearning.ai,Some work of Andrew Ng's course on Coursera,https://github.com/JudasDie/deeplearning.ai,Some work of Andrew Ng
marvin,âœ¨ AI agents that spark joy,https://github.com/PrefectHQ/marvin,agents that spark joy
AI-Crash-Course,AI Crash Course to help busy builders catch up to the public frontier of AI research in 2 weeks,https://github.com/henrythe9th/AI-Crash-Course,Crash Course to help busy builders catch up to the public frontier of AI research in
awesome-ai-residency,List of AI Residency Programs,https://github.com/dangkhoasdc/awesome-ai-residency,List of AI Residency Programs
Wechat_AutoJump,AI plays WeChat Jump Game,https://github.com/Prinsphield/Wechat_AutoJump,plays WeChat Jump Game
Awesome-AITools,Collection of AI-related utilities. Welcome to submit issues and pull requests /æ”¶è—AIç›¸å…³çš„å®ç”¨å·¥å…·ï¼Œæ¬¢è¿æäº¤issues æˆ–è€…pull requests,https://github.com/ikaijua/Awesome-AITools,Collection of AI-related utilities.
snake-ai,"An AI agent that beats the classic game ""Snake"".",https://github.com/linyiLYi/snake-ai,An AI agent that beats the classic game Snake.
aifh,Artificial Intelligence for Humans,https://github.com/jeffheaton/aifh,Artificial Intelligence for Humans
AimRT,A high-performance runtime framework for modern robotics.,https://github.com/AimRT/AimRT,high-performance runtime framework for modern robotics.
poker_ai,ğŸ¤– An Open Source Texas Hold'em AI,https://github.com/fedden/poker_ai,An Open Source Texas Hold
AiPy,Pythonæœºå™¨å­¦ä¹ ã€æ·±åº¦å­¦ä¹ ç®—æ³•å¼€å‘ç­‰å­¦ä¹ èµ„æºåˆ†äº«,https://github.com/aialgorithm/AiPy,Python
NeMo,"A scalable generative AI framework built for researchers and developers working on Large Language Models, Multimodal, and Speech AI (Automatic Speech Recognition and Text-to-Speech)",https://github.com/NVIDIA/NeMo,"scalable generative AI framework built for researchers and developers working on Large Language Models, Multimodal, and Speech AI (Automatic Speech Recognition and Text-to-Speech"
aiwallpaper,AI Wallpaper Generator,https://github.com/all-in-aigc/aiwallpaper,Wallpaper Generator
qrbtf,AI & parametric QR code generator. AI & å‚æ•°åŒ–äºŒç»´ç ç”Ÿæˆå™¨ã€‚https://qrbtf.com,https://github.com/latentcat/qrbtf,& parametric QR code generator.
deeplake,"Database for AI. Store Vectors, Images, Texts, Videos, etc. Use with LLMs/LangChain. Store, query, version, & visualize any AI data. Stream data in real-time to PyTorch/TensorFlow. https://activeloop.ai",https://github.com/activeloopai/deeplake,"Database for AI. Store Vectors, Images, Texts, Videos, etc. Use with LLMsLangChain. Store, query, version, & visualize any AI data. Stream data in real-time to PyTorchTensorFlow."
lollms-webui,Lord of Large Language and Multi modal Systems Web User Interface,https://github.com/ParisNeo/lollms-webui,Lord of Large Language and Multi modal Systems Web User Interface
aide,The open-source AI-native IDE,https://github.com/codestoryai/aide,open-source AI-native IDE
LayaAir,LayaAir is a fully platform rendering engine with rich 2D/3D rendering capabilities and a mature integrated development platform,https://github.com/layabox/LayaAir,LayaAir is a fully platform rendering engine with rich
generative-ai-docs,Documentation for Google's Gen AI site - including the Gemini API and Gemma,https://github.com/google/generative-ai-docs,Documentation for Google
pywit,Python library for Wit.ai,https://github.com/wit-ai/pywit,Python library for Wit.
DeepBI,"LLM based data scientist, AI native data application.  AI-driven infinite thinking redefines BI.",https://github.com/DeepInsight-AI/DeepBI,"LLM based data scientist, AI native data application. AI-driven infinite thinking redefines BI."
awesome-apache-airflow,Curated list of resources about Apache Airflow,https://github.com/jghoman/awesome-apache-airflow,Curated list of resources about Apache Airflow
TavernAI,"Atmospheric adventure chat for AI language models (KoboldAI, NovelAI, Pygmalion, OpenAI chatgpt, gpt-4)",https://github.com/TavernAI/TavernAI,"Atmospheric adventure chat for AI language models (KoboldAI, NovelAI, Pygmalion, OpenAI chatgpt, gpt-"
Deep-Learning-Coursera,"Deep Learning Specialization by Andrew Ng, deeplearning.ai.",https://github.com/enggen/Deep-Learning-Coursera,"Deep Learning Specialization by Andrew Ng, deeplearning."
node-wit,Node.js SDK for Wit.ai,https://github.com/wit-ai/node-wit,Node. SDK for Wit.
dlcourse_ai,ĞœĞ°Ñ‚ĞµÑ€Ğ¸Ğ°Ğ»Ñ‹ ĞºÑƒÑ€ÑĞ° Deep Learning Ğ½Ğ° Ğ¿Ğ°Ğ»ÑŒÑ†Ğ°Ñ…,https://github.com/sim0nsays/dlcourse_ai,Deep Learning
AirSLAM,ğŸš€ AirVO upgrades to AirSLAM [TRO]ğŸš€,https://github.com/sair-lab/AirSLAM,rVO upgrades to AirSLAM
airbrake,The official Airbrake library for Ruby applications,https://github.com/airbrake/airbrake,official Airbrake library for Ruby applications
fairseq-lua,Facebook AI Research Sequence-to-Sequence Toolkit,https://github.com/facebookresearch/fairseq-lua,Facebook AI Research Sequence-to-Sequence Toolkit
aie-book,"[WIP] Resources for AI engineers. Also contains supporting materials for the book AI Engineering (Chip Huyen, 2025)",https://github.com/chiphuyen/aie-book,WIP Resources for AI engineers.
letta,Letta (formerly MemGPT) is a framework for creating LLM services with memory.,https://github.com/letta-ai/letta,Letta (formerly MemGPT) is a framework for creating LLM services with memory.
open-ai,"OpenAI PHP SDK : Most downloaded, forked, contributed, huge community supported, and used PHP (Laravel , Symfony, Yii, Cake PHP or any PHP framework) SDK for OpenAI GPT-3 and DALL-E. It also supports chatGPT-like streaming. (ChatGPT AI is supported)",https://github.com/orhanerday/open-ai,"OpenAI PHP SDK: Most downloaded, forked, contributed, huge community supported, and used PHP (Laravel, Symfony, Yii, Cake PHP or any PHP framework) SDK for OpenAI GPT-3 and DALL-E. It also supports chatGPT-like streaming."
AI,,https://github.com/StudioTV/AI,
aidea-server,AIdea æ˜¯ä¸€æ¬¾æ”¯æŒ GPT  ä»¥åŠå›½äº§å¤§è¯­è¨€æ¨¡å‹é€šä¹‰åƒé—®ã€æ–‡å¿ƒä¸€è¨€ç­‰ï¼Œæ”¯æŒ Stable Diffusion æ–‡ç”Ÿå›¾ã€å›¾ç”Ÿå›¾ã€ SDXL1.0ã€è¶…åˆ†è¾¨ç‡ã€å›¾ç‰‡ä¸Šè‰²çš„å…¨èƒ½å‹ APPã€‚,https://github.com/mylxsw/aidea-server,dea GPT Stable Diffusion SDXL1.
aigcpanel,AigcPanel æ˜¯ä¸€ä¸ªç®€å•æ˜“ç”¨çš„ä¸€ç«™å¼AIæ•°å­—äººç³»ç»Ÿï¼Œæ”¯æŒè§†é¢‘åˆæˆã€å£°éŸ³åˆæˆã€å£°éŸ³å…‹éš†ï¼Œç®€åŒ–æœ¬åœ°æ¨¡å‹ç®¡ç†ã€ä¸€é”®å¯¼å…¥å’Œä½¿ç”¨AIæ¨¡å‹ã€‚,https://github.com/modstart-lib/aigcpanel,gcPanel AIAI
aima-exercises,Exercises for the book Artificial Intelligence: A Modern Approach,https://github.com/aimacode/aima-exercises,Exercises for the book Artificial Intelligence: A Modern Approach
airtable.js,Airtable javascript client,https://github.com/Airtable/airtable.js,rtable javascript client
mesop,Rapidly build AI apps in Python,https://github.com/google/mesop,Rapidly build AI apps in Python
cognee,Reliable LLM Memory for AI Applications and AI Agents,https://github.com/topoteretes/cognee,Reliable LLM Memory for AI Applications and AI Agents
pocketpal-ai,An app that brings language models directly to your phone.,https://github.com/a-ghorbani/pocketpal-ai,An app that brings language models directly to your phone.
LLMs-in-Finance,LLMs in Finance - Generative AI - AI Agents ,https://github.com/hananedupouy/LLMs-in-Finance,LLMs in Finance - Generative AI - AI Agents
fiftyone,Refine high-quality datasets and visual AI models,https://github.com/voxel51/fiftyone,Refine high-quality datasets and visual AI models
AiQiangGUO,Aiå¼ºå›½ åŸºäºAutojså®ç°çš„æ¨¡æ‹Ÿç‚¹å‡»å­¦ä¹ å¼ºå›½è¾…åŠ©å·¥å…· é€‚é…å®‰å“,https://github.com/zhuxuedefeng/AiQiangGUO,Autojs
Python-ai-assistant,Python AI assistant ğŸ§ ,https://github.com/ggeop/Python-ai-assistant,Python AI assistant
Girls-In-AI,å…è´¹å­¦ä»£ç ç³»åˆ—ï¼šå°ç™½pythonå…¥é—¨ã€æ•°æ®åˆ†ædata analystã€æœºå™¨å­¦ä¹ machine learningã€æ·±åº¦å­¦ä¹ deep learningã€kaggleå®æˆ˜,https://github.com/girls-in-ai/Girls-In-AI,pythondata analystmachine learningdeep learningkaggle
sharegpt,Easily share permanent links to ChatGPT conversations with your friends,https://github.com/domeccleston/sharegpt,Easily share permanent links to ChatGPT conversations with your friends
Airplay-SDK,The Best Airplay SDK supports Airplay Mirroring and AirPlay Casting to a receiver device. ,https://github.com/xfirefly/Airplay-SDK,Best Airplay SDK supports Airplay Mirroring and AirPlay Casting to a receiver device.
whatsapp-chatgpt,ChatGPT + DALL-E + WhatsApp = AI Assistant :rocket: :robot:,https://github.com/askrella/whatsapp-chatgpt,ChatGPT + DALL-E + WhatsApp
pyspur,AI Agent Builder in Python,https://github.com/PySpur-Dev/pyspur,Agent Builder in Python
airsonos,:musical_note: AirPlay to Sonos,https://github.com/stephen/airsonos,AirPlay to Sonos
trustworthyAI,Trustworthy AI related projects,https://github.com/huawei-noah/trustworthyAI,Trustworthy AI related projects
ai2html,A script for Adobe Illustrator that converts your Illustrator artwork into an html page.,https://github.com/newsdev/ai2html,script for Adobe Illustrator that converts your Illustrator artwork into an html page.
SWIFT-AI,A fast gigapixel processing system,https://github.com/liwenxi/SWIFT-AI,fast gigapixel processing system
cortex.cpp,Local AI API Platform,https://github.com/janhq/cortex.cpp,Local AI API Platform
x,Craft AI-driven interfaces effortlessly ğŸ¤–,https://github.com/ant-design/x,Craft AI-driven interfaces effortlessly
AIGenerateCode,Androidè°·æ­Œä¸Šæ¶é©¬ç”²åŒ…åƒåœ¾ä»£ç æ··æ·†,https://github.com/520CCC/AIGenerateCode,Android
AirPodsDesktop,"â˜„ï¸ AirPods desktop user experience enhancement program, for Windows and Linux (WIP)",https://github.com/SpriteOvO/AirPodsDesktop,"rPods desktop user experience enhancement program, for Windows and Linux (WIP"
twitterbio,Generate your Twitter bio with AI,https://github.com/Nutlope/twitterbio,Generate your Twitter bio with AI
AI-on-the-edge-device,"Easy to use device for connecting ""old"" measuring units (water, power, gas, ...) to the digital world",https://github.com/jomjol/AI-on-the-edge-device,"Easy to use device for connecting old measuring units (water, power, gas,."
ai,Artificial Intelligence Fundamental Concepts,https://github.com/farrokhkarimi/ai,Artificial Intelligence Fundamental Concepts
semantic-kernel,Integrate cutting-edge LLM technology quickly and easily into your apps,https://github.com/microsoft/semantic-kernel,Integrate cutting-edge LLM technology quickly and easily into your apps
Instagram-AI-Agent,"Instagram Ai Agent ğŸŒ¸ is built using Node.js and TypeScript ğŸ› ï¸, designed for seamless job execution ğŸ“¸. It's lightweight, efficient, and still evolving ğŸš§â€”exciting new features coming soon! ğŸŒŸ",https://github.com/David-patrick-chuks/Instagram-AI-Agent,"Instagram Ai Agent is built using Node. TypeScript, designed for seamless job execution. Its lightweight, efficient, and still evolving exciting new features coming soon!"
